id,room_id/id,noted_date,temp,out/in
1,Room Admin,08-12-2018 09:30,29,In
2,Room Admin,08-12-2018 10:30,30,In
3,Room Admin,08-12-2018 11:30,31,In
4,Room Admin,08-12-2018 12:30,32,In
5,Room Admin,08-12-2018 13:30,31,In
6,Room Admin,08-12-2018 14:30,30,In
7,Outdoor Sensor,08-12-2018 09:30,35,Out
8,Outdoor Sensor,08-12-2018 10:30,36,Out
9,Outdoor Sensor,08-12-2018 11:30,38,Out
10,Outdoor Sensor,08-12-2018 12:30,40,Out
11,Outdoor Sensor,08-12-2018 13:30,39,Out
12,Outdoor Sensor,08-12-2018 14:30,37,Out
13,Room Admin,09-12-2018 09:30,28,In
14,Room Admin,09-12-2018 10:30,29,In
15,Room Admin,09-12-2018 11:30,30,In
16,Outdoor Sensor,09-12-2018 09:30,34,Out
17,Outdoor Sensor,09-12-2018 10:30,35,Out
18,Outdoor Sensor,09-12-2018 11:30,37,Out
